{
  "formatVersion": 1,
  "database": {
    "version": 1,
    "identityHash": "8e4aa8e37b13fecf5857071c6006a847",
    "entities": [
      {
        "tableName": "answer_choices",
        "createSql": "CREATE TABLE IF NOT EXISTS `${TABLE_NAME}` (`id` INTEGER PRIMARY KEY AUTOINCREMENT NOT NULL, `question_id` TEXT, `ans_choice` TEXT, `ans_choice_pos` TEXT, `ans_choice_id` TEXT, `ans_choice_state` TEXT)",
        "fields": [
          {
            "fieldPath": "id",
            "columnName": "id",
            "affinity": "INTEGER",
            "notNull": true
          },
          {
            "fieldPath": "questionId",
            "columnName": "question_id",
            "affinity": "TEXT",
            "notNull": false
          },
          {
            "fieldPath": "answerChoice",
            "columnName": "ans_choice",
            "affinity": "TEXT",
            "notNull": false
          },
          {
            "fieldPath": "answerChoicePosition",
            "columnName": "ans_choice_pos",
            "affinity": "TEXT",
            "notNull": false
          },
          {
            "fieldPath": "answerChoiceId",
            "columnName": "ans_choice_id",
            "affinity": "TEXT",
            "notNull": false
          },
          {
            "fieldPath": "answerChoiceState",
            "columnName": "ans_choice_state",
            "affinity": "TEXT",
            "notNull": false
          }
        ],
        "primaryKey": {
          "columnNames": [
            "id"
          ],
          "autoGenerate": true
        },
        "indices": [],
        "foreignKeys": []
      },
      {
        "tableName": "questions",
        "createSql": "CREATE TABLE IF NOT EXISTS `${TABLE_NAME}` (`id` INTEGER PRIMARY KEY AUTOINCREMENT NOT NULL, `question_id` INTEGER NOT NULL, `question` TEXT)",
        "fields": [
          {
            "fieldPath": "id",
            "columnName": "id",
            "affinity": "INTEGER",
            "notNull": true
          },
          {
            "fieldPath": "questionId",
            "columnName": "question_id",
            "affinity": "INTEGER",
            "notNull": true
          },
          {
            "fieldPath": "question",
            "columnName": "question",
            "affinity": "TEXT",
            "notNull": false
          }
        ],
        "primaryKey": {
          "columnNames": [
            "id"
          ],
          "autoGenerate": true
        },
        "indices": [],
        "foreignKeys": []
      }
    ],
    "setupQueries": [
      "CREATE TABLE IF NOT EXISTS room_master_table (id INTEGER PRIMARY KEY,identity_hash TEXT)",
      "INSERT OR REPLACE INTO room_master_table (id,identity_hash) VALUES(42, \"8e4aa8e37b13fecf5857071c6006a847\")"
    ]
  }
}