{
  "data": {
    "questions": [{
      "id": 8,
      "question_type_id": 1,
      "question_type_name": "Radio",
      "question_name": "Do you have fever ?",
      "question_item": [
        {
          "answer_id": "11",
          "name": "YES"
        },
        {
          "answer_id": "12",
          "name": "NO"
        }
      ]
    },
      {
        "id": 1,
        "question_type_id": 1,
        "question_type_name": "Radio",
        "question_name": "Are you over 60 years of age ?",
        "question_item": [
          {
            "answer_id": "11",
            "name": "YES"
          },
          {
            "answer_id": "12",
            "name": "NO"
          }
        ]
      },
      {
        "id": 2,
        "question_type_id": 2,
        "question_type_name": "Radio",
        "question_name": "SEX ?",
        "question_item": [
          {
            "answer_id": "21",
            "name": "Male"
          },
          {
            "answer_id": "22",
            "name": "Female"
          }
        ]
      },
      {
        "id": 3,
        "question_type_id": 1,
        "question_type_name": "Radio",
        "question_name": "Do you have cough ?",
        "question_item": [
          {
            "answer_id": "31",
            "name": "YES"
          },
          {
            "answer_id": "32",
            "name": "NO"
          }
        ]
      },
      {
        "id": 4,
        "question_type_id": 2,
        "question_type_name": "Radio",
        "question_name": "Do you have shortness of breath ?",
        "question_item": [
          {
            "answer_id": "41",
            "name": "YES"
          },
          {
            "answer_id": "42",
            "name": "NO"
          }
        ]
      },
      {
        "id": 5,
        "question_type_id": 2,
        "question_type_name": "Radio",
        "question_name": "Do you have sore throat ?",
        "question_item": [
          {
            "answer_id": "51",
            "name": "YES"
          },
          {
            "answer_id": "52",
            "name": "NO"
          }
        ]
      },
      {
        "id": 6,
        "question_type_id": 2,
        "question_type_name": "Radio",
        "question_name": "Do you have headache ?",
        "question_item": [
          {
            "answer_id": "61",
            "name": "YES"
          },
          {
            "answer_id": "62",
            "name": "NO"
          }
        ]
          },
          {
            "id": 7,
            "question_type_id": 1,
            "question_type_name": "Radio",
            "question_name": "Was you in contact with covid19 infected person ?",
            "question_item": [
              {
                "answer_id": "11",
                "name": "YES"
              },
              {
                "answer_id": "12",
                "name": "NO"
              }
        ]
      }
    ]
  },
  "status": true,
  "message": "The data was fetched successfully"
}